file,source_class,decision,reason,sha256
ml/data/candidates/reject_v2/test/not_ewaste/Plastic_Waste__IMG_20250803_220955_jpg.rf.8dd2b8a8a60e6a334821d9751836a964.jpg,Plastic_Waste,UNKNOWN,Visually calculator-like electronic device under source label Plastic_Waste; not safe to assign to derived not_ewaste without source-label adjudication.,616c0918292ab41d8f6b72e7ddcc5c29ab8855d438b4ed3e5c3a2be8f0c16b33
ml/data/candidates/reject_v2/test/not_ewaste/Plastic_Waste__IMG_20250805_203720_jpg.rf.15922a548d7874a6ff4d0b741a3eca9c.jpg,Plastic_Waste,UNKNOWN,Plastic_Waste frame appears to show disassembled/keyboard-like electronic parts; true waste category is ambiguous; needs label adjudication.,5e510147e42babfa41bc0d10bc98213b0781d455821237439833856101e815db
ml/data/candidates/reject_v2/test/not_ewaste/Plastic_Waste__IMG_20250805_203721_jpg.rf.1ac5083435db1cc9be594e05cc7a6be1.jpg,Plastic_Waste,UNKNOWN,Plastic_Waste frame appears to show disassembled/keyboard-like electronic parts; true waste category is ambiguous; needs label adjudication.,2046cd02e441c0829da1c44402b6098be4df2650f8b559f3e9111b5d6ffe7baa
ml/data/candidates/reject_v2/train/not_ewaste/Plastic_Waste__IMG_20250803_220946_jpg.rf.1ed353d6fee2290258e88fd89d838a42.jpg,Plastic_Waste,UNKNOWN,Visually calculator-like electronic device under source label Plastic_Waste; not safe to assign to derived not_ewaste without source-label adjudication.,dd1a42812d5f6c6fdef9e902f1cf299d8d228cfce42b0ad81450ef9e08ad0024
ml/data/candidates/reject_v2/train/not_ewaste/Plastic_Waste__IMG_20250803_220948_jpg.rf.942bd1dafe403f7179972e2ef03c39ef.jpg,Plastic_Waste,UNKNOWN,Visually calculator-like electronic device under source label Plastic_Waste; not safe to assign to derived not_ewaste without source-label adjudication.,511c5ddc714f77af8f5bff42939c6b7a44cea57944003e2de85882c4ac5ff9b9
ml/data/candidates/reject_v2/train/not_ewaste/Plastic_Waste__IMG_20250803_220955_1_jpg.rf.5bceeacf4bc5399671f612f1a96c42a6.jpg,Plastic_Waste,UNKNOWN,Visually calculator-like electronic device under source label Plastic_Waste; not safe to assign to derived not_ewaste without source-label adjudication.,9c0a5dd348e580db49949b5fe40b37c6b3f556b4883891d7ee591868d26b0ff4
ml/data/candidates/reject_v2/train/not_ewaste/Plastic_Waste__IMG_20250803_220956_jpg.rf.3131b747648558d4ede3bc482cf49864.jpg,Plastic_Waste,UNKNOWN,Visually calculator-like electronic device under source label Plastic_Waste; not safe to assign to derived not_ewaste without source-label adjudication.,d353397104036b46a88dce26d839967fe0d18f7b831c94783ac9f2e960f72bfd
ml/data/candidates/reject_v2/train/not_ewaste/Plastic_Waste__IMG_20250803_220958_jpg.rf.02846a3ab02382815ff47af2376043c0.jpg,Plastic_Waste,UNKNOWN,Visually calculator-like electronic device under source label Plastic_Waste; not safe to assign to derived not_ewaste without source-label adjudication.,1ccbd947ba37133f0a44e27e44a00f93ffd4e92215e4c02a583bd6ee042fce09
ml/data/candidates/reject_v2/train/not_ewaste/Plastic_Waste__IMG_20250803_221006_jpg.rf.6c4a21e56bb01160b3ccd15086edee95.jpg,Plastic_Waste,UNKNOWN,Visually calculator-like electronic device under source label Plastic_Waste; not safe to assign to derived not_ewaste without source-label adjudication.,30fc65252b0da2c4db5114ea53aba2afb2849edec566ebbd2e8d62718e48e476
ml/data/candidates/reject_v2/train/not_ewaste/Plastic_Waste__IMG_20250803_221008_jpg.rf.7ee66cdfcaf32cd7321a437942dab35b.jpg,Plastic_Waste,UNKNOWN,Visually calculator-like electronic device under source label Plastic_Waste; not safe to assign to derived not_ewaste without source-label adjudication.,884927933de321cbbb46706b465fe31f1a39577efae0a213c54c6d09524ebcbe
ml/data/candidates/reject_v2/validation/not_ewaste/Plastic_Waste__IMG_20250803_220949_jpg.rf.3ace4d5f9ac28dc7cf5f3e5cb2ba1181.jpg,Plastic_Waste,UNKNOWN,Visually calculator-like electronic device under source label Plastic_Waste; not safe to assign to derived not_ewaste without source-label adjudication.,513a8d9ba02cd6fdf24ab4c8907950d9eac3dc65e4c4275180acd0b78f088044
ml/data/candidates/reject_v2/validation/not_ewaste/Plastic_Waste__IMG_20250803_220957_jpg.rf.26c09e79ea7c3e48d381e39e30e30abb.jpg,Plastic_Waste,UNKNOWN,Visually calculator-like electronic device under source label Plastic_Waste; not safe to assign to derived not_ewaste without source-label adjudication.,2096d072981dc96c2b57092b289347d630b19c5fcfa56a24de55f26c419fe70d
ml/data/candidates/reject_v2/validation/not_ewaste/Plastic_Waste__IMG_20250803_221005_jpg.rf.bf0e3441fde110bd1133b9bbcd2d33fc.jpg,Plastic_Waste,UNKNOWN,Visually calculator-like electronic device under source label Plastic_Waste; not safe to assign to derived not_ewaste without source-label adjudication.,9f37fc1489d5195f32d37dec2e208baa1268a133f7b573e77d4e817522cd00b3
ml/data/candidates/reject_v2/validation/not_ewaste/Plastic_Waste__IMG_20250803_221007_jpg.rf.c032eed31a16fa24832b53cb57f17585.jpg,Plastic_Waste,UNKNOWN,Visually calculator-like electronic device under source label Plastic_Waste; not safe to assign to derived not_ewaste without source-label adjudication.,1d25d2a845a75b22634e65d218f527c2e034ee9e10543b579a56d42d3b66d6d3
ml/data/candidates/reject_v2/validation/not_ewaste/Plastic_Waste__IMG_20250805_203719_jpg.rf.8220ca04e669e9154570756ade2cd685.jpg,Plastic_Waste,UNKNOWN,Plastic_Waste frame appears to show disassembled/keyboard-like electronic parts; true waste category is ambiguous; needs label adjudication.,f41133e3a21c9f143762b4f5dc5a4921edef58c9f83900940795932bd3c50852
