source_file,source_split,source_label,decision,component_id,reason,sha256
ml/data/candidates/reject_v2/train/battery_waste/IMG_20250805_203633_jpg.rf.27acce328d6706fec7feeea5d61d3d68.jpg,train,battery_waste,MIXED_LABEL_COMPONENT,976,"Conflicting labels within a visually linked component: battery_waste, pcb",617a732bdfeea1e80c2f577bb20cc49d77a00d8745bc1ff6d54c77f2bf77be19
ml/data/candidates/reject_v2/train/pcb/IMG_20250805_203629_jpg.rf.d89fd0de6e89404602d2a25bdad904e4.jpg,train,pcb,MIXED_LABEL_COMPONENT,976,"Conflicting labels within a visually linked component: battery_waste, pcb",8e729ca1766264b779d48a977480bae6dce230a3ea60231a3faa13a04bb98959
ml/data/candidates/reject_v2/train/pcb/IMG_20250805_203630_jpg.rf.625b50a472e14f385eb490d10fa695e9.jpg,train,pcb,MIXED_LABEL_COMPONENT,976,"Conflicting labels within a visually linked component: battery_waste, pcb",c1631047f7d91338e842610b8087d2a620ab362a67f56eef07a00eb66693b98d
ml/data/candidates/reject_v2/train/pcb/IMG_20250805_203631_jpg.rf.1657f6333a95106b19ae986bab71732d.jpg,train,pcb,MIXED_LABEL_COMPONENT,976,"Conflicting labels within a visually linked component: battery_waste, pcb",82b986163fb4ad6bf11da9eb8e0c8e31d3cc2eab0bc7a2c17e05e3ccca3fa4f3
ml/data/candidates/reject_v2/train/pcb/IMG_20250805_203631_jpg.rf.678c6dafbdeeb0aa3472251b455af101.jpg,train,pcb,MIXED_LABEL_COMPONENT,976,"Conflicting labels within a visually linked component: battery_waste, pcb",0b606a069eb88f8d6434894ca1a08dd99f19fa4d0e327dedadbdf902ef981a09
ml/data/candidates/reject_v2/train/pcb/IMG_20250805_203631_jpg.rf.e3f68e5933daaea04eb8b422de352598.jpg,train,pcb,MIXED_LABEL_COMPONENT,976,"Conflicting labels within a visually linked component: battery_waste, pcb",73e161562eb875bd63f7eb02d3b651be3304ca6e53072633432c0f4829648b35
ml/data/candidates/reject_v2/train/pcb/IMG_20250805_203634_jpg.rf.637eded8a427107899b3fb52ffa04675.jpg,train,pcb,MIXED_LABEL_COMPONENT,976,"Conflicting labels within a visually linked component: battery_waste, pcb",c26a43a656d6219e7e511f0e6b41852907093186afd7f859a887d99d0562436a
ml/data/candidates/reject_v2/train/pcb/IMG_20250805_203635_jpg.rf.4b7ff9b6be85b3adf4c377982527e6c0.jpg,train,pcb,MIXED_LABEL_COMPONENT,976,"Conflicting labels within a visually linked component: battery_waste, pcb",a133404d12752f0bcd7e1ca834582c2130faab8f86dff88036a01c824f15082a
ml/data/candidates/reject_v2/train/not_ewaste/Plastic_Waste__IMG_20250803_220946_jpg.rf.1ed353d6fee2290258e88fd89d838a42.jpg,train,not_ewaste,MANUAL_LABEL_HOLD,698,Manual visual label hold: Visually calculator-like electronic device under source label Plastic_Waste; not safe to assign to derived not_ewaste without source-label adjudication.,dd1a42812d5f6c6fdef9e902f1cf299d8d228cfce42b0ad81450ef9e08ad0024
ml/data/candidates/reject_v2/train/not_ewaste/Plastic_Waste__IMG_20250803_220946_jpg.rf.6bb58680ab6d484ef34d4827dc76238f.jpg,train,not_ewaste,MANUAL_LABEL_HOLD,698,Manual visual label hold: Visually calculator-like electronic device under source label Plastic_Waste; not safe to assign to derived not_ewaste without source-label adjudication.,34cb4aecd3ed137d4d8356bed329f474046f6133ad056faff358bfbb0503f83f
ml/data/candidates/reject_v2/train/not_ewaste/Plastic_Waste__IMG_20250803_220946_jpg.rf.cf679d3dc29b07a7eefbeaee68e927d7.jpg,train,not_ewaste,MANUAL_LABEL_HOLD,698,Manual visual label hold: Visually calculator-like electronic device under source label Plastic_Waste; not safe to assign to derived not_ewaste without source-label adjudication.,46bc03169f4058528922f81252c3ffb1e4c96cc5a093af8c77b05ac7376c1ef0
ml/data/candidates/reject_v2/train/not_ewaste/Plastic_Waste__IMG_20250803_220948_jpg.rf.0d066ec1d886de3eb0da539af1cca6b1.jpg,train,not_ewaste,MANUAL_LABEL_HOLD,698,Manual visual label hold: Visually calculator-like electronic device under source label Plastic_Waste; not safe to assign to derived not_ewaste without source-label adjudication.,eeddd7bc63320856cff23506916c138c55169a1bccb769bd8e6b47b0e851d93b
ml/data/candidates/reject_v2/train/not_ewaste/Plastic_Waste__IMG_20250803_220948_jpg.rf.826931e7396c07d76ef465ec51203618.jpg,train,not_ewaste,MANUAL_LABEL_HOLD,698,Manual visual label hold: Visually calculator-like electronic device under source label Plastic_Waste; not safe to assign to derived not_ewaste without source-label adjudication.,614d7792dfe6cdc6f4ee89be1ddc10fa933b03bf43c8e77abb6b9a9af2bf5c3c
ml/data/candidates/reject_v2/train/not_ewaste/Plastic_Waste__IMG_20250803_220948_jpg.rf.942bd1dafe403f7179972e2ef03c39ef.jpg,train,not_ewaste,MANUAL_LABEL_HOLD,698,Manual visual label hold: Visually calculator-like electronic device under source label Plastic_Waste; not safe to assign to derived not_ewaste without source-label adjudication.,511c5ddc714f77af8f5bff42939c6b7a44cea57944003e2de85882c4ac5ff9b9
ml/data/candidates/reject_v2/validation/not_ewaste/Plastic_Waste__IMG_20250803_220949_jpg.rf.3ace4d5f9ac28dc7cf5f3e5cb2ba1181.jpg,validation,not_ewaste,MANUAL_LABEL_HOLD,698,Manual visual label hold: Visually calculator-like electronic device under source label Plastic_Waste; not safe to assign to derived not_ewaste without source-label adjudication.,513a8d9ba02cd6fdf24ab4c8907950d9eac3dc65e4c4275180acd0b78f088044
ml/data/candidates/reject_v2/train/not_ewaste/Plastic_Waste__IMG_20250803_220955_1_jpg.rf.2f5059105ab908571675fd62b9eef7f0.jpg,train,not_ewaste,MANUAL_LABEL_HOLD,701,Manual visual label hold: Visually calculator-like electronic device under source label Plastic_Waste; not safe to assign to derived not_ewaste without source-label adjudication.,5376935a83998c779acecc382bdcc5aec75b3e4af99aae58abc3f856272dd15e
ml/data/candidates/reject_v2/train/not_ewaste/Plastic_Waste__IMG_20250803_220955_1_jpg.rf.5bceeacf4bc5399671f612f1a96c42a6.jpg,train,not_ewaste,MANUAL_LABEL_HOLD,701,Manual visual label hold: Visually calculator-like electronic device under source label Plastic_Waste; not safe to assign to derived not_ewaste without source-label adjudication.,9c0a5dd348e580db49949b5fe40b37c6b3f556b4883891d7ee591868d26b0ff4
ml/data/candidates/reject_v2/train/not_ewaste/Plastic_Waste__IMG_20250803_220955_1_jpg.rf.b93bc6a0a879136bb6299165fc7f3c43.jpg,train,not_ewaste,MANUAL_LABEL_HOLD,701,Manual visual label hold: Visually calculator-like electronic device under source label Plastic_Waste; not safe to assign to derived not_ewaste without source-label adjudication.,ff15495c6638b9f931e41e8e457ddb20472b4d00671771ca1769b2bb6ab44d68
ml/data/candidates/reject_v2/train/not_ewaste/Plastic_Waste__IMG_20250803_220956_jpg.rf.3131b747648558d4ede3bc482cf49864.jpg,train,not_ewaste,MANUAL_LABEL_HOLD,701,Manual visual label hold: Visually calculator-like electronic device under source label Plastic_Waste; not safe to assign to derived not_ewaste without source-label adjudication.,d353397104036b46a88dce26d839967fe0d18f7b831c94783ac9f2e960f72bfd
ml/data/candidates/reject_v2/train/not_ewaste/Plastic_Waste__IMG_20250803_220956_jpg.rf.6aac8a0a38d4f8d8de0a44a3c7a5a7ee.jpg,train,not_ewaste,MANUAL_LABEL_HOLD,701,Manual visual label hold: Visually calculator-like electronic device under source label Plastic_Waste; not safe to assign to derived not_ewaste without source-label adjudication.,e032f7983720ff64c1de60576d494211b69b3ab3be457483354568704434892f
ml/data/candidates/reject_v2/train/not_ewaste/Plastic_Waste__IMG_20250803_220956_jpg.rf.ae94a71bd770dad9cfc5f4904fcaa094.jpg,train,not_ewaste,MANUAL_LABEL_HOLD,701,Manual visual label hold: Visually calculator-like electronic device under source label Plastic_Waste; not safe to assign to derived not_ewaste without source-label adjudication.,d15bb2af229e4d397123c0d02dbca0f1baa49e36e1df78343f4ea2530e7fe508
ml/data/candidates/reject_v2/train/not_ewaste/Plastic_Waste__IMG_20250803_220958_jpg.rf.02846a3ab02382815ff47af2376043c0.jpg,train,not_ewaste,MANUAL_LABEL_HOLD,701,Manual visual label hold: Visually calculator-like electronic device under source label Plastic_Waste; not safe to assign to derived not_ewaste without source-label adjudication.,1ccbd947ba37133f0a44e27e44a00f93ffd4e92215e4c02a583bd6ee042fce09
ml/data/candidates/reject_v2/train/not_ewaste/Plastic_Waste__IMG_20250803_220958_jpg.rf.db4983a893ddb3badcd28303ad5ad928.jpg,train,not_ewaste,MANUAL_LABEL_HOLD,701,Manual visual label hold: Visually calculator-like electronic device under source label Plastic_Waste; not safe to assign to derived not_ewaste without source-label adjudication.,230f53babef7932c0d2d805fd7ba1813374bbfe4e9ae256f2600eb984ead65f7
ml/data/candidates/reject_v2/train/not_ewaste/Plastic_Waste__IMG_20250803_220958_jpg.rf.eba738c23b6db7ad6626a1d305a5bc71.jpg,train,not_ewaste,MANUAL_LABEL_HOLD,701,Manual visual label hold: Visually calculator-like electronic device under source label Plastic_Waste; not safe to assign to derived not_ewaste without source-label adjudication.,dc057371e719d0777750aaca0489098ccd62b2dc9a31133ca6cf688022094aaa
ml/data/candidates/reject_v2/validation/not_ewaste/Plastic_Waste__IMG_20250803_220957_jpg.rf.26c09e79ea7c3e48d381e39e30e30abb.jpg,validation,not_ewaste,MANUAL_LABEL_HOLD,701,Manual visual label hold: Visually calculator-like electronic device under source label Plastic_Waste; not safe to assign to derived not_ewaste without source-label adjudication.,2096d072981dc96c2b57092b289347d630b19c5fcfa56a24de55f26c419fe70d
ml/data/candidates/reject_v2/test/not_ewaste/Plastic_Waste__IMG_20250803_220955_jpg.rf.8dd2b8a8a60e6a334821d9751836a964.jpg,test,not_ewaste,MANUAL_LABEL_HOLD,701,Manual visual label hold: Visually calculator-like electronic device under source label Plastic_Waste; not safe to assign to derived not_ewaste without source-label adjudication.,616c0918292ab41d8f6b72e7ddcc5c29ab8855d438b4ed3e5c3a2be8f0c16b33
ml/data/candidates/reject_v2/train/not_ewaste/Plastic_Waste__IMG_20250803_221006_jpg.rf.0c5a61d53abd3756c78ef8e9545e1545.jpg,train,not_ewaste,MANUAL_LABEL_HOLD,710,Manual visual label hold: Visually calculator-like electronic device under source label Plastic_Waste; not safe to assign to derived not_ewaste without source-label adjudication.,8038d304c39c3acee273afc26dcf45bf350ca62e7fe6aa1fef02de2335a41777
ml/data/candidates/reject_v2/train/not_ewaste/Plastic_Waste__IMG_20250803_221006_jpg.rf.6c4a21e56bb01160b3ccd15086edee95.jpg,train,not_ewaste,MANUAL_LABEL_HOLD,710,Manual visual label hold: Visually calculator-like electronic device under source label Plastic_Waste; not safe to assign to derived not_ewaste without source-label adjudication.,30fc65252b0da2c4db5114ea53aba2afb2849edec566ebbd2e8d62718e48e476
ml/data/candidates/reject_v2/train/not_ewaste/Plastic_Waste__IMG_20250803_221006_jpg.rf.a724271f7fdcfa59d9ad13ec52cd0b04.jpg,train,not_ewaste,MANUAL_LABEL_HOLD,710,Manual visual label hold: Visually calculator-like electronic device under source label Plastic_Waste; not safe to assign to derived not_ewaste without source-label adjudication.,a46607127eccfededad5a85942ad075f28d2f4bb902225700e9c0b2a0d66606d
ml/data/candidates/reject_v2/train/not_ewaste/Plastic_Waste__IMG_20250803_221008_jpg.rf.24aa80e898b745bd985589f57eee71f2.jpg,train,not_ewaste,MANUAL_LABEL_HOLD,710,Manual visual label hold: Visually calculator-like electronic device under source label Plastic_Waste; not safe to assign to derived not_ewaste without source-label adjudication.,be6e0e85b7f4b2d4bcd93585469b9cf1648ccd7fe21f3aaaf90e2b8bae271bc0
ml/data/candidates/reject_v2/train/not_ewaste/Plastic_Waste__IMG_20250803_221008_jpg.rf.7ee66cdfcaf32cd7321a437942dab35b.jpg,train,not_ewaste,MANUAL_LABEL_HOLD,710,Manual visual label hold: Visually calculator-like electronic device under source label Plastic_Waste; not safe to assign to derived not_ewaste without source-label adjudication.,884927933de321cbbb46706b465fe31f1a39577efae0a213c54c6d09524ebcbe
ml/data/candidates/reject_v2/train/not_ewaste/Plastic_Waste__IMG_20250803_221008_jpg.rf.da0a58ab4adc358f295b8346a8f7032e.jpg,train,not_ewaste,MANUAL_LABEL_HOLD,710,Manual visual label hold: Visually calculator-like electronic device under source label Plastic_Waste; not safe to assign to derived not_ewaste without source-label adjudication.,c6ed848dd2bd0a1d0bce21c2e472eca434758eb75230781179f719b34186ac5d
ml/data/candidates/reject_v2/validation/not_ewaste/Plastic_Waste__IMG_20250803_221005_jpg.rf.bf0e3441fde110bd1133b9bbcd2d33fc.jpg,validation,not_ewaste,MANUAL_LABEL_HOLD,710,Manual visual label hold: Visually calculator-like electronic device under source label Plastic_Waste; not safe to assign to derived not_ewaste without source-label adjudication.,9f37fc1489d5195f32d37dec2e208baa1268a133f7b573e77d4e817522cd00b3
ml/data/candidates/reject_v2/validation/not_ewaste/Plastic_Waste__IMG_20250803_221007_jpg.rf.c032eed31a16fa24832b53cb57f17585.jpg,validation,not_ewaste,MANUAL_LABEL_HOLD,710,Manual visual label hold: Visually calculator-like electronic device under source label Plastic_Waste; not safe to assign to derived not_ewaste without source-label adjudication.,1d25d2a845a75b22634e65d218f527c2e034ee9e10543b579a56d42d3b66d6d3
ml/data/candidates/reject_v2/validation/not_ewaste/Plastic_Waste__IMG_20250805_203719_jpg.rf.8220ca04e669e9154570756ade2cd685.jpg,validation,not_ewaste,MANUAL_LABEL_HOLD,1228,Manual visual label hold: Plastic_Waste frame appears to show disassembled/keyboard-like electronic parts; true waste category is ambiguous; needs label adjudication.,f41133e3a21c9f143762b4f5dc5a4921edef58c9f83900940795932bd3c50852
ml/data/candidates/reject_v2/test/not_ewaste/Plastic_Waste__IMG_20250805_203720_jpg.rf.15922a548d7874a6ff4d0b741a3eca9c.jpg,test,not_ewaste,MANUAL_LABEL_HOLD,1228,Manual visual label hold: Plastic_Waste frame appears to show disassembled/keyboard-like electronic parts; true waste category is ambiguous; needs label adjudication.,5e510147e42babfa41bc0d10bc98213b0781d455821237439833856101e815db
ml/data/candidates/reject_v2/test/not_ewaste/Plastic_Waste__IMG_20250805_203721_jpg.rf.1ac5083435db1cc9be594e05cc7a6be1.jpg,test,not_ewaste,MANUAL_LABEL_HOLD,1228,Manual visual label hold: Plastic_Waste frame appears to show disassembled/keyboard-like electronic parts; true waste category is ambiguous; needs label adjudication.,2046cd02e441c0829da1c44402b6098be4df2650f8b559f3e9111b5d6ffe7baa
